,GEN_NAME,GEN_BUS,PG,QG,QMAX,QMIN,VG,MBASE,GEN_STATUS,PMAX,PMIN,PC1,PC2,QC1MIN,QC1MX,QC2MIN,QC2MAX,RAMP_AGC,RAMP_10,RAMP_30,RAMP_Q,APF,GEN_ZONE,GEN_FUEL
0,59 St.  GT 1,82,0,0,9999,-9999,1,100,1,17.1,0,0,0,0,0,0,0,1.71,17.1,17.1,0,0,J,Combustion Turbine
1,74 St.  GT 1,82,0,0,9999,-9999,1,100,1,18.5,0,0,0,0,0,0,0,1.85,18.5,18.5,0,0,J,Combustion Turbine
2,74 St.  GT 2,82,0,0,9999,-9999,1,100,1,18.5,0,0,0,0,0,0,0,1.85,18.5,18.5,0,0,J,Combustion Turbine
3,Allegany,62,0,0,9999,-9999,1,100,1,66,11,0,0,0,0,0,0,6.6,66,66,0,0,B,Combined Cycle
4,Allied Frozen Storage,55,0,0,9999,-9999,1,100,1,0.1,0,0,0,0,0,0,0,0.01,0.1,0.1,0,0,A,Internal Combustion
5,Arthur Kill Cogen,82,0,0,9999,-9999,1,100,1,11.1,0,0,0,0,0,0,0,1.11,11.1,11.1,0,0,J,Internal Combustion
6,Arthur Kill GT 1,82,0,0,9999,-9999,1,100,1,20,0,0,0,0,0,0,0,2,20,20,0,0,J,Combustion Turbine
7,Arthur Kill ST 2,82,95.469312,0,9999,-9999,1,100,1,349,96,0,0,0,0,0,0,34.9,349,349,0,0,J,Steam Turbine
8,Arthur Kill ST 3,82,149.629788,0,9999,-9999,1,100,1,539,1,0,0,0,0,0,0,53.9,539,539,0,0,J,Steam Turbine
9,Astoria 2,82,0,0,9999,-9999,1,100,1,153,1,0,0,0,0,0,0,15.3,153,153,0,0,J,Steam Turbine
10,Astoria 3,82,0,0,9999,-9999,1,100,1,756,40,0,0,0,0,0,0,75.6,756,756,0,0,J,Steam Turbine
11,Astoria 5,82,201.954314,0,9999,-9999,1,100,1,776,2,0,0,0,0,0,0,77.6,776,776,0,0,J,Steam Turbine
12,Astoria CC 1,82,225.821643,0,9999,-9999,1,100,1,318,129,0,0,0,0,0,0,31.8,318,318,0,0,J,Combined Cycle
13,Astoria CC 2,82,231.329488,0,9999,-9999,1,100,1,320,99,0,0,0,0,0,0,32,320,320,0,0,J,Combined Cycle
14,Astoria East Energy - CC1,82,244.181126,0,9999,-9999,1,100,1,313,163,0,0,0,0,0,0,31.3,313,313,0,0,J,Combined Cycle
15,Astoria East Energy - CC2,82,243.263152,0,9999,-9999,1,100,1,313,166,0,0,0,0,0,0,31.3,313,313,0,0,J,Combined Cycle
16,Astoria Energy 2 - CC3,82,263.458583,0,9999,-9999,1,100,1,313,92,0,0,0,0,0,0,31.3,313,313,0,0,J,Combined Cycle
17,Astoria Energy 2 - CC4,82,262.540609,0,9999,-9999,1,100,1,313,87,0,0,0,0,0,0,31.3,313,313,0,0,J,Combined Cycle
18,Astoria GT 01,82,0,0,9999,-9999,1,100,1,16,0,0,0,0,0,0,0,1.6,16,16,0,0,J,Combustion Turbine
19,Astoria GT 2-1,82,0,0,9999,-9999,1,100,1,44,0,0,0,0,0,0,0,4.4,44,44,0,0,J,Jet Engine
20,Astoria GT 2-2,82,0,0,9999,-9999,1,100,1,44,0,0,0,0,0,0,0,4.4,44,44,0,0,J,Jet Engine
21,Astoria GT 2-3,82,0,0,9999,-9999,1,100,1,44,0,0,0,0,0,0,0,4.4,44,44,0,0,J,Jet Engine
22,Astoria GT 2-4,82,0,0,9999,-9999,1,100,1,40,0,0,0,0,0,0,0,4,40,40,0,0,J,Jet Engine
23,Astoria GT 3-1,82,0,0,9999,-9999,1,100,1,40,0,0,0,0,0,0,0,4,40,40,0,0,J,Jet Engine
24,Astoria GT 3-2,82,0,0,9999,-9999,1,100,1,44,0,0,0,0,0,0,0,4.4,44,44,0,0,J,Jet Engine
25,Astoria GT 3-3,82,0,0,9999,-9999,1,100,1,40,0,0,0,0,0,0,0,4,40,40,0,0,J,Jet Engine
26,Astoria GT 3-4,82,0,0,9999,-9999,1,100,1,46,0,0,0,0,0,0,0,4.6,46,46,0,0,J,Jet Engine
27,Astoria GT 4-1,82,0,0,9999,-9999,1,100,1,40,0,0,0,0,0,0,0,4,40,40,0,0,J,Jet Engine
28,Astoria GT 4-2,82,0,0,9999,-9999,1,100,1,40,0,0,0,0,0,0,0,4,40,40,0,0,J,Jet Engine
29,Astoria GT 4-3,82,0,0,9999,-9999,1,100,1,44,0,0,0,0,0,0,0,4.4,44,44,0,0,J,Jet Engine
30,Astoria GT 4-4,82,0,0,9999,-9999,1,100,1,42,0,0,0,0,0,0,0,4.2,42,42,0,0,J,Jet Engine
31,Athens 1,42,336,0,9999,-9999,1,100,1,390,271,0,0,0,0,0,0,39,390,390,0,0,F,Combined Cycle
32,Athens 2,42,299,0,9999,-9999,1,100,1,378,132,0,0,0,0,0,0,37.8,378,378,0,0,F,Combined Cycle
33,Athens 3,42,323,0,9999,-9999,1,100,1,392,269.45,0,0,0,0,0,0,39.2,392,392,0,0,F,Combined Cycle
34,Barrett 03,79,0,0,9999,-9999,1,100,1,24,1,0,0,0,0,0,0,2.4,24,24,0,0,K,Combustion Turbine
35,Barrett 04,79,0,0,9999,-9999,1,100,1,24,1,0,0,0,0,0,0,2.4,24,24,0,0,K,Combustion Turbine
36,Barrett 05,79,0,0,9999,-9999,1,100,1,22,1,0,0,0,0,0,0,2.2,22,22,0,0,K,Combustion Turbine
37,Barrett 06,79,0,0,9999,-9999,1,100,1,22,1,0,0,0,0,0,0,2.2,22,22,0,0,K,Combustion Turbine
38,Barrett 08,79,0,0,9999,-9999,1,100,1,23,1,0,0,0,0,0,0,0.35,3.5,10.5,0,0,K,Combustion Turbine
39,Barrett 09,79,0,0,9999,-9999,1,100,1,41.8,0,0,0,0,0,0,0,0.696667,6.966667,20.9,0,0,K,Jet Engine
40,Barrett 10,79,0,0,9999,-9999,1,100,1,41.8,0,0,0,0,0,0,0,0.696667,6.966667,20.9,0,0,K,Jet Engine
41,Barrett 11,79,0,0,9999,-9999,1,100,1,41.8,0,0,0,0,0,0,0,0.696667,6.966667,20.9,0,0,K,Jet Engine
42,Barrett 12,79,0,0,9999,-9999,1,100,1,41.8,0,0,0,0,0,0,0,0.696667,6.966667,20.9,0,0,K,Jet Engine
43,Barrett GT 01,79,0,0,9999,-9999,1,100,1,22,1,0,0,0,0,0,0,0.325,3.25,9.75,0,0,K,Combustion Turbine
44,Barrett GT 02,79,0,0,9999,-9999,1,100,1,22,1,0,0,0,0,0,0,0.325,3.25,9.75,0,0,K,Combustion Turbine
45,Barrett ST 01,79,175,0,9999,-9999,1,100,1,209,49,0,0,0,0,0,0,2.258333,22.583333,67.75,0,0,K,Steam Turbine
46,Barrett ST 02,79,179,0,9999,-9999,1,100,1,201,48,0,0,0,0,0,0,1.425,14.25,42.75,0,0,K,Steam Turbine
47,Batavia,62,0,0,9999,-9999,1,100,1,43,9,0,0,0,0,0,0,0.441667,4.416667,13.25,0,0,B,Combined Cycle
48,Beaver Falls,47,0,0,9999,-9999,1,100,1,98,1.3,0,0,0,0,0,0,0.808333,8.083333,24.25,0,0,E,Combined Cycle
49,Bethlehem Energy Center,42,511,0,9999,-9999,1,100,1,618,116,0,0,0,0,0,0,6,60,180,0,0,F,Combined Cycle
50,Bethpage,79,39,0,9999,-9999,1,100,1,61,10,0,0,0,0,0,0,0.85,8.5,25.5,0,0,K,Combined Cycle
51,Bethpage 3,79,69,0,9999,-9999,1,100,1,83,27,0,0,0,0,0,0,0.875,8.75,26.25,0,0,K,Combined Cycle
52,Bethpage GT4,79,47,0,9999,-9999,1,100,1,49,14,0,0,0,0,0,0,0.641667,6.416667,19.25,0,0,K,Combustion Turbine
53,Binghamton (RET - 1/9/18),71,0,0,9999,-9999,1,100,1,47.7,0,0,0,0,0,0,0,0.795,7.95,23.85,0,0,C,Combined Cycle
54,Bowline 1,77,0,0,9999,-9999,1,100,1,621,30.55,0,0,0,0,0,0,6.208333,62.083333,186.25,0,0,G,Steam Turbine
55,Bowline 2,77,0,0,9999,-9999,1,100,1,593,83.4,0,0,0,0,0,0,4.9,49,147,0,0,G,Steam Turbine
56,Brentwood,80,0,0,9999,-9999,1,100,1,49,15,0,0,0,0,0,0,0.658333,6.583333,19.75,0,0,K,Combustion Turbine
57,Brooklyn Navy Yard,82,177.169012,0,9999,-9999,1,100,1,240,101,0,0,0,0,0,0,1.591667,15.916667,47.75,0,0,J,Combined Cycle
58,"Burrstone Engy Center, LLC LU",45,0,0,9999,-9999,1,100,1,1.1,0,0,0,0,0,0,0,0.018333,0.183333,0.55,0,0,E,Internal Combustion
59,"Burrstone Engy Center, LLC U",45,0,0,9999,-9999,1,100,1,2.2,0,0,0,0,0,0,0,0.036667,0.366667,1.1,0,0,E,Internal Combustion
60,CPV_VALLEY___CC1,77,0,0,9999,-9999,1,100,1,361,222,0,0,0,0,0,0,3.533333,35.333333,106,0,0,G,Combined Cycle
61,CPV_VALLEY___CC2,77,0,0,9999,-9999,1,100,1,362,221,0,0,0,0,0,0,3.283333,32.833333,98.5,0,0,G,Combined Cycle
62,Caithness_CC_1,80,332,0,9999,-9999,1,100,1,373,247,0,0,0,0,0,0,2.725,27.25,81.75,0,0,K,Combined Cycle
63,Carr St.-E. Syr,51,68,0,9999,-9999,1,100,1,82,15,0,0,0,0,0,0,0.891667,8.916667,26.75,0,0,C,Combined Cycle
64,Carthage Energy,47,0,0,9999,-9999,1,100,1,61,0,0,0,0,0,0,0,1.016667,10.166667,30.5,0,0,E,Combined Cycle
65,Castleton Energy Center,42,0,0,9999,-9999,1,100,1,78,39,0,0,0,0,0,0,0.641667,6.416667,19.25,0,0,F,Combined Cycle
66,Cayuga 1,65,0,0,9999,-9999,1,100,1,166,59,0,0,0,0,0,0,1.266667,12.666667,38,0,0,C,Steam Turbine
67,Charles P Keller 09,79,0,0,9999,-9999,1,100,1,3.5,0,0,0,0,0,0,0,0.058333,0.583333,1.75,0,0,K,Internal Combustion
68,Charles P Keller 10,79,0,0,9999,-9999,1,100,1,3.5,0,0,0,0,0,0,0,0.058333,0.583333,1.75,0,0,K,Internal Combustion
69,Charles P Keller 11,79,0,0,9999,-9999,1,100,1,5.2,0,0,0,0,0,0,0,0.086667,0.866667,2.6,0,0,K,Internal Combustion
70,Charles P Keller 14,79,0,0,9999,-9999,1,100,1,6.2,0,0,0,0,0,0,0,0.103333,1.033333,3.1,0,0,K,Internal Combustion
71,Coxsackie GT,39,0,0,9999,-9999,1,100,1,21.6,0,0,0,0,0,0,0,0.36,3.6,10.8,0,0,G,Combustion Turbine
72,Danskammer 1,77,0,0,9999,-9999,1,100,1,74,7,0,0,0,0,0,0,0.65,6.5,19.5,0,0,G,Steam Turbine
73,Danskammer 2,77,0,0,9999,-9999,1,100,1,70,7.75,0,0,0,0,0,0,0.733333,7.333333,22,0,0,G,Steam Turbine
74,Danskammer 3,77,0,0,9999,-9999,1,100,1,147,3.85,0,0,0,0,0,0,1.208333,12.083333,36.25,0,0,G,Steam Turbine
75,Danskammer 4,77,0,0,9999,-9999,1,100,1,243,4.9,0,0,0,0,0,0,1.825,18.25,54.75,0,0,G,Steam Turbine
76,EMPIRE_CC_1,42,286,0,9999,-9999,1,100,1,327,161,0,0,0,0,0,0,2.9,29,87,0,0,F,Combined Cycle
77,EMPIRE_CC_2,42,282,0,9999,-9999,1,100,1,327,159,0,0,0,0,0,0,3.125,31.25,93.75,0,0,F,Combined Cycle
78,East Hampton 2,80,0,0,9999,-9999,1,100,1,2,0,0,0,0,0,0,0,0.033333,0.333333,1,0,0,K,Internal Combustion
79,East Hampton 3,80,0,0,9999,-9999,1,100,1,2,0,0,0,0,0,0,0,0.033333,0.333333,1,0,0,K,Internal Combustion
80,East Hampton 4,80,0,0,9999,-9999,1,100,1,2,0,0,0,0,0,0,0,0.033333,0.333333,1,0,0,K,Internal Combustion
81,East Hampton GT 01,80,0,0,9999,-9999,1,100,1,21.3,0,0,0,0,0,0,0,0.355,3.55,10.65,0,0,K,Jet Engine
82,East River 1,82,150.547762,0,9999,-9999,1,100,1,223,88,0,0,0,0,0,0,2.283333,22.833333,68.5,0,0,J,Combined Cycle
83,East River 2,82,149.629788,0,9999,-9999,1,100,1,227,83,0,0,0,0,0,0,2.325,23.25,69.75,0,0,J,Combined Cycle
84,Far Rockaway GT1,79,52,0,9999,-9999,1,100,1,60,36,0,0,0,0,0,0,1,10,30,0,0,K,Jet Engine
85,Far Rockaway GT2,79,0,0,9999,-9999,1,100,1,54,23.5,0,0,0,0,0,0,0.9,9,27,0,0,K,Jet Engine
86,Flynn,80,77,0,9999,-9999,1,100,1,111,25,0,0,0,0,0,0,0.908333,9.083333,27.25,0,0,K,Combined Cycle
87,Fortistar - N.Tonawanda,57,0,0,9999,-9999,1,100,1,51,12,0,0,0,0,0,0,0.508333,5.083333,15.25,0,0,A,Combined Cycle
88,Freeport 1-4,79,0,0,9999,-9999,1,100,1,5.1,0,0,0,0,0,0,0,0.085,0.85,2.55,0,0,K,Internal Combustion
89,Freeport 2-3,79,0,0,9999,-9999,1,100,1,18.1,0,0,0,0,0,0,0,0.301667,3.016667,9.05,0,0,K,Combustion Turbine
90,Freeport CT 1,79,0,0,9999,-9999,1,100,1,50,0,0,0,0,0,0,0,0.833333,8.333333,25,0,0,K,Combustion Turbine
91,Freeport CT 2,79,0,0,9999,-9999,1,100,1,51,1,0,0,0,0,0,0,0.658333,6.583333,19.75,0,0,K,Combustion Turbine
92,General Mills Inc,57,0,0,9999,-9999,1,100,1,3.8,0,0,0,0,0,0,0,0.063333,0.633333,1.9,0,0,A,Combustion Turbine
93,Glenwood GT 02,79,0,0,9999,-9999,1,100,1,64,6.45,0,0,0,0,0,0,0.866667,8.666667,26,0,0,K,Combustion Turbine
94,Glenwood GT 03,79,0,0,9999,-9999,1,100,1,64,7.2,0,0,0,0,0,0,0.775,7.75,23.25,0,0,K,Combustion Turbine
95,Glenwood GT 04,79,0,0,9999,-9999,1,100,1,49,1,0,0,0,0,0,0,0.783333,7.833333,23.5,0,0,K,Combustion Turbine
96,Glenwood GT 05,79,43,0,9999,-9999,1,100,1,50,2,0,0,0,0,0,0,0.775,7.75,23.25,0,0,K,Combustion Turbine
97,Gowanus 1-1,82,0,0,9999,-9999,1,100,1,20,0,0,0,0,0,0,0,0.333333,3.333333,10,0,0,J,Combustion Turbine
98,Gowanus 1-2,82,0,0,9999,-9999,1,100,1,20,0,0,0,0,0,0,0,0.333333,3.333333,10,0,0,J,Combustion Turbine
99,Gowanus 1-3,82,0,0,9999,-9999,1,100,1,20,0,0,0,0,0,0,0,0.333333,3.333333,10,0,0,J,Combustion Turbine
100,Gowanus 1-4,82,0,0,9999,-9999,1,100,1,20,0,0,0,0,0,0,0,0.333333,3.333333,10,0,0,J,Combustion Turbine
101,Gowanus 1-5,82,0,0,9999,-9999,1,100,1,20,0,0,0,0,0,0,0,0.333333,3.333333,10,0,0,J,Combustion Turbine
102,Gowanus 1-6,82,0,0,9999,-9999,1,100,1,20,0,0,0,0,0,0,0,0.333333,3.333333,10,0,0,J,Combustion Turbine
103,Gowanus 1-7,82,0,0,9999,-9999,1,100,1,20,0,0,0,0,0,0,0,0.333333,3.333333,10,0,0,J,Combustion Turbine
104,Gowanus 2-1,82,0,0,9999,-9999,1,100,1,20,0,0,0,0,0,0,0,0.333333,3.333333,10,0,0,J,Combustion Turbine
105,Gowanus 2-2,82,0,0,9999,-9999,1,100,1,20,0,0,0,0,0,0,0,0.333333,3.333333,10,0,0,J,Combustion Turbine
106,Gowanus 2-3,82,0,0,9999,-9999,1,100,1,20,0,0,0,0,0,0,0,0.333333,3.333333,10,0,0,J,Combustion Turbine
107,Gowanus 2-4,82,0,0,9999,-9999,1,100,1,20,0,0,0,0,0,0,0,0.333333,3.333333,10,0,0,J,Combustion Turbine
108,Gowanus 2-5,82,0,0,9999,-9999,1,100,1,20,0,0,0,0,0,0,0,0.333333,3.333333,10,0,0,J,Combustion Turbine
109,Gowanus 2-6,82,0,0,9999,-9999,1,100,1,20,0,0,0,0,0,0,0,0.333333,3.333333,10,0,0,J,Combustion Turbine
110,Gowanus 2-7,82,0,0,9999,-9999,1,100,1,20,0,0,0,0,0,0,0,0.333333,3.333333,10,0,0,J,Combustion Turbine
111,Gowanus 2-8,82,0,0,9999,-9999,1,100,1,20,0,0,0,0,0,0,0,0.333333,3.333333,10,0,0,J,Combustion Turbine
112,Gowanus 3-1,82,0,0,9999,-9999,1,100,1,20,0,0,0,0,0,0,0,0.333333,3.333333,10,0,0,J,Combustion Turbine
113,Gowanus 3-2,82,0,0,9999,-9999,1,100,1,20,0,0,0,0,0,0,0,0.333333,3.333333,10,0,0,J,Combustion Turbine
114,Gowanus 3-3,82,0,0,9999,-9999,1,100,1,20,0,0,0,0,0,0,0,0.333333,3.333333,10,0,0,J,Combustion Turbine
115,Gowanus 3-4,82,0,0,9999,-9999,1,100,1,20,0,0,0,0,0,0,0,0.333333,3.333333,10,0,0,J,Combustion Turbine
116,Gowanus 3-5,82,0,0,9999,-9999,1,100,1,20,0,0,0,0,0,0,0,0.333333,3.333333,10,0,0,J,Combustion Turbine
117,Gowanus 3-6,82,0,0,9999,-9999,1,100,1,20,0,0,0,0,0,0,0,0.333333,3.333333,10,0,0,J,Combustion Turbine
118,Gowanus 3-7,82,0,0,9999,-9999,1,100,1,20,0,0,0,0,0,0,0,0.333333,3.333333,10,0,0,J,Combustion Turbine
119,Gowanus 3-8,82,0,0,9999,-9999,1,100,1,20,0,0,0,0,0,0,0,0.333333,3.333333,10,0,0,J,Combustion Turbine
120,Gowanus 4-1,82,0,0,9999,-9999,1,100,1,20,0,0,0,0,0,0,0,0.333333,3.333333,10,0,0,J,Combustion Turbine
121,Gowanus 4-2,82,0,0,9999,-9999,1,100,1,20,0,0,0,0,0,0,0,0.333333,3.333333,10,0,0,J,Combustion Turbine
122,Gowanus 4-3,82,0,0,9999,-9999,1,100,1,20,0,0,0,0,0,0,0,0.333333,3.333333,10,0,0,J,Combustion Turbine
123,Gowanus 4-4,82,0,0,9999,-9999,1,100,1,20,0,0,0,0,0,0,0,0.333333,3.333333,10,0,0,J,Combustion Turbine
124,Gowanus 4-5,82,0,0,9999,-9999,1,100,1,20,0,0,0,0,0,0,0,0.333333,3.333333,10,0,0,J,Combustion Turbine
125,Gowanus 4-6,82,0,0,9999,-9999,1,100,1,20,0,0,0,0,0,0,0,0.333333,3.333333,10,0,0,J,Combustion Turbine
126,Gowanus 4-8,82,0,0,9999,-9999,1,100,1,20,0,0,0,0,0,0,0,0.333333,3.333333,10,0,0,J,Combustion Turbine
127,Gowanus 5,82,38.554915,0,9999,-9999,1,100,1,44,19,0,0,0,0,0,0,0.733333,7.333333,22,0,0,J,Combustion Turbine
128,Gowanus 6,82,38.554915,0,9999,-9999,1,100,1,43,6,0,0,0,0,0,0,0.716667,7.166667,21.5,0,0,J,Combustion Turbine
129,Greenidge 4,65,67,0,9999,-9999,1,100,1,113,36,0,0,0,0,0,0,1.883333,18.833333,56.5,0,0,C,Steam Turbine
130,Greenport GT1,80,0,0,9999,-9999,1,100,1,60,21,0,0,0,0,0,0,1,10,30,0,0,K,Jet Engine
131,Harlem River 1,82,0,0,9999,-9999,1,100,1,43,18,0,0,0,0,0,0,0.716667,7.166667,21.5,0,0,J,Combustion Turbine
132,Harlem River 2,82,0,0,9999,-9999,1,100,1,43,17.5,0,0,0,0,0,0,0.716667,7.166667,21.5,0,0,J,Combustion Turbine
133,Hellgate 1,82,0,0,9999,-9999,1,100,1,43,17,0,0,0,0,0,0,0.716667,7.166667,21.5,0,0,J,Combustion Turbine
134,Hellgate 2,82,0,0,9999,-9999,1,100,1,43,16,0,0,0,0,0,0,0.716667,7.166667,21.5,0,0,J,Combustion Turbine
135,Hillburn GT,77,0,0,9999,-9999,1,100,1,37,1,0,0,0,0,0,0,0.616667,6.166667,18.5,0,0,G,Jet Engine
136,Holtsville 01,80,0,0,9999,-9999,1,100,1,17,1,0,0,0,0,0,0,0.283333,2.833333,8.5,0,0,K,Jet Engine
137,Holtsville 02,80,0,0,9999,-9999,1,100,1,17,1,0,0,0,0,0,0,0.283333,2.833333,8.5,0,0,K,Jet Engine
138,Holtsville 03,80,0,0,9999,-9999,1,100,1,15,1,0,0,0,0,0,0,0.25,2.5,7.5,0,0,K,Jet Engine
139,Holtsville 04,80,0,0,9999,-9999,1,100,1,15,1,0,0,0,0,0,0,0.25,2.5,7.5,0,0,K,Jet Engine
140,Holtsville 05,80,0,0,9999,-9999,1,100,1,16,1,0,0,0,0,0,0,0.266667,2.666667,8,0,0,K,Jet Engine
141,Holtsville 06,80,0,0,9999,-9999,1,100,1,16,1,0,0,0,0,0,0,0.266667,2.666667,8,0,0,K,Jet Engine
142,Holtsville 07,80,0,0,9999,-9999,1,100,1,16,1,0,0,0,0,0,0,0.266667,2.666667,8,0,0,K,Jet Engine
143,Holtsville 08,80,0,0,9999,-9999,1,100,1,16,1,0,0,0,0,0,0,0.266667,2.666667,8,0,0,K,Jet Engine
144,Holtsville 09,80,0,0,9999,-9999,1,100,1,15,1,0,0,0,0,0,0,0.25,2.5,7.5,0,0,K,Jet Engine
145,Holtsville 10,80,0,0,9999,-9999,1,100,1,15,1,0,0,0,0,0,0,0.25,2.5,7.5,0,0,K,Jet Engine
146,Hudson Ave 3,82,0,0,9999,-9999,1,100,1,16.3,0,0,0,0,0,0,0,0.271667,2.716667,8.15,0,0,J,Combustion Turbine
147,Hudson Ave 4,82,0,0,9999,-9999,1,100,1,16.3,0,0,0,0,0,0,0,0.271667,2.716667,8.15,0,0,J,Combustion Turbine
148,Hudson Ave 5,82,0,0,9999,-9999,1,100,1,16.3,0,0,0,0,0,0,0,0.271667,2.716667,8.15,0,0,J,Combustion Turbine
149,Indeck-Corinth,42,132,0,9999,-9999,1,100,1,140,123,0,0,0,0,0,0,2.333333,23.333333,70,0,0,F,Combined Cycle
150,Indeck-Olean,61,70,0,9999,-9999,1,100,1,84,18,0,0,0,0,0,0,1.4,14,42,0,0,A,Combined Cycle
151,Indeck-Oswego,50,47,0,9999,-9999,1,100,1,61,7,0,0,0,0,0,0,1.016667,10.166667,30.5,0,0,C,Combined Cycle
152,Indeck-Silver Springs,65,0,0,9999,-9999,1,100,1,60,6,0,0,0,0,0,0,1,10,30,0,0,C,Combined Cycle
153,Indeck-Yerkes,57,48,0,9999,-9999,1,100,1,57,4,0,0,0,0,0,0,0.95,9.5,28.5,0,0,A,Combined Cycle
154,Independence,50,814,0,9999,-9999,1,100,1,1218,103,0,0,0,0,0,0,20.3,203,609,0,0,C,Combined Cycle
155,Jamestown 5,60,0,0,9999,-9999,1,100,1,28.7,0,0,0,0,0,0,0,0.478333,4.783333,14.35,0,0,A,Steam Turbine
156,Jamestown 6,60,0,0,9999,-9999,1,100,1,25,0,0,0,0,0,0,0,0.416667,4.166667,12.5,0,0,A,Steam Turbine
157,Jamestown 7,60,40,0,9999,-9999,1,100,1,46,32,0,0,0,0,0,0,0.766667,7.666667,23,0,0,A,Combustion Turbine
158,Kent,82,23.867328,0,9999,-9999,1,100,1,65,17,0,0,0,0,0,0,1.083333,10.833333,32.5,0,0,J,Combined Cycle
159,KIAC_JFK_GT1,82,46.816682,0,9999,-9999,1,100,1,71,4,0,0,0,0,0,0,1.183333,11.833333,35.5,0,0,J,Combined Cycle
160,KIAC_JFK_GT2,82,0,0,9999,-9999,1,100,1,49,8,0,0,0,0,0,0,0.816667,8.166667,24.5,0,0,J,Combustion Turbine
161,Lockport,56,114,0,9999,-9999,1,100,1,153,28,0,0,0,0,0,0,2.55,25.5,76.5,0,0,A,Combined Cycle
162,Massena,48,0,0,9999,-9999,1,100,1,55,0,0,0,0,0,0,0,0.916667,9.166667,27.5,0,0,D,Combined Cycle
163,Narrows 1-1,82,0,0,9999,-9999,1,100,1,22,0,0,0,0,0,0,0,0.366667,3.666667,11,0,0,J,Combustion Turbine
164,Narrows 1-2,82,0,0,9999,-9999,1,100,1,22,0,0,0,0,0,0,0,0.366667,3.666667,11,0,0,J,Combustion Turbine
165,Narrows 1-3,82,0,0,9999,-9999,1,100,1,22,0,0,0,0,0,0,0,0.366667,3.666667,11,0,0,J,Combustion Turbine
166,Narrows 1-4,82,0,0,9999,-9999,1,100,1,22,0,0,0,0,0,0,0,0.366667,3.666667,11,0,0,J,Combustion Turbine
167,Narrows 1-5,82,0,0,9999,-9999,1,100,1,22,0,0,0,0,0,0,0,0.366667,3.666667,11,0,0,J,Combustion Turbine
168,Narrows 1-6,82,0,0,9999,-9999,1,100,1,22,0,0,0,0,0,0,0,0.366667,3.666667,11,0,0,J,Combustion Turbine
169,Narrows 1-7,82,0,0,9999,-9999,1,100,1,22,0,0,0,0,0,0,0,0.366667,3.666667,11,0,0,J,Combustion Turbine
170,Narrows 1-8,82,0,0,9999,-9999,1,100,1,22,0,0,0,0,0,0,0,0.366667,3.666667,11,0,0,J,Combustion Turbine
171,Narrows 2-1,82,0,0,9999,-9999,1,100,1,22,0,0,0,0,0,0,0,0.366667,3.666667,11,0,0,J,Combustion Turbine
172,Narrows 2-2,82,0,0,9999,-9999,1,100,1,22,0,0,0,0,0,0,0,0.366667,3.666667,11,0,0,J,Combustion Turbine
173,Narrows 2-3,82,0,0,9999,-9999,1,100,1,22,0,0,0,0,0,0,0,0.366667,3.666667,11,0,0,J,Combustion Turbine
174,Narrows 2-4,82,0,0,9999,-9999,1,100,1,22,0,0,0,0,0,0,0,0.366667,3.666667,11,0,0,J,Combustion Turbine
175,Narrows 2-5,82,0,0,9999,-9999,1,100,1,22,0,0,0,0,0,0,0,0.366667,3.666667,11,0,0,J,Combustion Turbine
176,Narrows 2-6,82,0,0,9999,-9999,1,100,1,22,0,0,0,0,0,0,0,0.366667,3.666667,11,0,0,J,Combustion Turbine
177,Narrows 2-7,82,0,0,9999,-9999,1,100,1,22,0,0,0,0,0,0,0,0.366667,3.666667,11,0,0,J,Combustion Turbine
178,Narrows 2-8,82,0,0,9999,-9999,1,100,1,22,0,0,0,0,0,0,0,0.366667,3.666667,11,0,0,J,Combustion Turbine
179,Nassau Energy Corporation,79,44,0,9999,-9999,1,100,1,53,35,0,0,0,0,0,0,0.883333,8.833333,26.5,0,0,K,Combined Cycle
180,Northport 1,80,278,0,9999,-9999,1,100,1,410,108,0,0,0,0,0,0,6.833333,68.333333,205,0,0,K,Steam Turbine
181,Northport 2,80,283,0,9999,-9999,1,100,1,410,111,0,0,0,0,0,0,6.833333,68.333333,205,0,0,K,Steam Turbine
182,Northport 3,80,0,0,9999,-9999,1,100,1,411,109,0,0,0,0,0,0,6.85,68.5,205.5,0,0,K,Steam Turbine
183,Northport 4,80,271,0,9999,-9999,1,100,1,413,109,0,0,0,0,0,0,6.883333,68.833333,206.5,0,0,K,Steam Turbine
184,Northport GT,80,0,0,9999,-9999,1,100,1,16,0,0,0,0,0,0,0,0.266667,2.666667,8,0,0,K,Combustion Turbine
185,Oswego 5,50,0,0,9999,-9999,1,100,1,866,39.15,0,0,0,0,0,0,14.433333,144.333333,433,0,0,C,Steam Turbine
186,Oswego 6,50,0,0,9999,-9999,1,100,1,862,25.45,0,0,0,0,0,0,14.366667,143.666667,431,0,0,C,Steam Turbine
187,Pilgrim GT1,80,37,0,9999,-9999,1,100,1,47,13.7,0,0,0,0,0,0,0.783333,7.833333,23.5,0,0,K,Combustion Turbine
188,Pilgrim GT2,80,37,0,9999,-9999,1,100,1,48,5.15,0,0,0,0,0,0,0.8,8,24,0,0,K,Combustion Turbine
189,Pinelawn Power 1,79,49,0,9999,-9999,1,100,1,81,14.5,0,0,0,0,0,0,1.35,13.5,40.5,0,0,K,Combined Cycle
190,Port Jefferson 3,80,0,0,9999,-9999,1,100,1,201,45,0,0,0,0,0,0,3.35,33.5,100.5,0,0,K,Steam Turbine
191,Port Jefferson 4,80,114,0,9999,-9999,1,100,1,204,45,0,0,0,0,0,0,3.4,34,102,0,0,K,Steam Turbine
192,Port Jefferson GT 02,80,16,0,9999,-9999,1,100,1,48,10,0,0,0,0,0,0,0.8,8,24,0,0,K,Combustion Turbine
193,Port Jefferson GT 03,80,16,0,9999,-9999,1,100,1,49,11,0,0,0,0,0,0,0.816667,8.166667,24.5,0,0,K,Combustion Turbine
194,Pouch,82,43.144785,0,9999,-9999,1,100,1,48,4,0,0,0,0,0,0,0.8,8,24,0,0,J,Combustion Turbine
195,Ravenswood 01,82,0,0,9999,-9999,1,100,1,18.6,0,0,0,0,0,0,0,0.31,3.1,9.3,0,0,J,Combustion Turbine
196,Ravenswood 10,82,0,0,9999,-9999,1,100,1,25,0,0,0,0,0,0,0,0.416667,4.166667,12.5,0,0,J,Jet Engine
197,Ravenswood 11,82,0,0,9999,-9999,1,100,1,25,0,0,0,0,0,0,0,0.416667,4.166667,12.5,0,0,J,Jet Engine
198,Ravenswood CC 04,82,216.641901,0,9999,-9999,1,100,1,286,142,0,0,0,0,0,0,4.766667,47.666667,143,0,0,J,Combined Cycle
199,Ravenswood ST 01,82,110.156899,0,9999,-9999,1,100,1,380,1,0,0,0,0,0,0,6.333333,63.333333,190,0,0,J,Steam Turbine
200,Ravenswood ST 02,82,580.159667,0,9999,-9999,1,100,1,1000,3,0,0,0,0,0,0,16.666667,166.666667,500,0,0,J,Steam Turbine
201,Ravenswood ST 03,82,0,0,9999,-9999,1,100,1,392,1,0,0,0,0,0,0,6.533333,65.333333,196,0,0,J,Steam Turbine
202,Rensselaer,42,0,0,9999,-9999,1,100,1,84,12,0,0,0,0,0,0,1.4,14,42,0,0,F,Combined Cycle
203,Roseton 1,77,0,0,9999,-9999,1,100,1,622,30.3,0,0,0,0,0,0,10.366667,103.666667,311,0,0,G,Steam Turbine
204,Roseton 2,77,0,0,9999,-9999,1,100,1,635,30.8,0,0,0,0,0,0,10.583333,105.833333,317.5,0,0,G,Steam Turbine
205,S Hampton 1,80,0,0,9999,-9999,1,100,1,11.5,0,0,0,0,0,0,0,0.191667,1.916667,5.75,0,0,K,Combustion Turbine
206,Saranac Energy,48,0,0,9999,-9999,1,100,1,268,20,0,0,0,0,0,0,4.466667,44.666667,134,0,0,D,Combined Cycle
207,Selkirk-I,42,0,0,9999,-9999,1,100,1,143,0,0,0,0,0,0,0,2.383333,23.833333,71.5,0,0,F,Combined Cycle
208,Selkirk-II,42,222,0,9999,-9999,1,100,1,304,54.6,0,0,0,0,0,0,5.066667,50.666667,152,0,0,F,Combined Cycle
209,Shoemaker GT,77,0,0,9999,-9999,1,100,1,37,0,0,0,0,0,0,0,0.616667,6.166667,18.5,0,0,G,Jet Engine
210,Shoreham 1,80,0,0,9999,-9999,1,100,1,52.9,0,0,0,0,0,0,0,0.881667,8.816667,26.45,0,0,K,Combustion Turbine
211,Shoreham 2,80,0,0,9999,-9999,1,100,1,18.6,0,0,0,0,0,0,0,0.31,3.1,9.3,0,0,K,Jet Engine
212,Shoreham GT3,80,0,0,9999,-9999,1,100,1,47,0,0,0,0,0,0,0,0.783333,7.833333,23.5,0,0,K,Combustion Turbine
213,Shoreham GT4,80,0,0,9999,-9999,1,100,1,49,0,0,0,0,0,0,0,0.816667,8.166667,24.5,0,0,K,Combustion Turbine
214,Somerset,56,0,0,9999,-9999,1,100,1,731,80.4,0,0,0,0,0,0,5.391667,53.916667,161.75,0,0,A,Steam Turbine
215,South Cairo,39,0,0,9999,-9999,1,100,1,21.6,0,0,0,0,0,0,0,0.36,3.6,10.8,0,0,G,Combustion Turbine
216,Southold 1,80,0,0,9999,-9999,1,100,1,14,0,0,0,0,0,0,0,0.233333,2.333333,7,0,0,K,Combustion Turbine
217,St. Elizabeth Medical Center,45,0,0,9999,-9999,1,100,1,0.6,0,0,0,0,0,0,0,0.01,0.1,0.3,0,0,E,Internal Combustion
218,Sterling,45,0,0,9999,-9999,1,100,1,43,15,0,0,0,0,0,0,0.375,3.75,11.25,0,0,E,Combined Cycle
219,Stony Brook   (BTM:NG),80,40,0,9999,-9999,1,100,1,46,30,0,0,0,0,0,0,0.408333,4.083333,12.25,0,0,K,Combustion Turbine
220,Syracuse,51,0,0,9999,-9999,1,100,1,102,14,0,0,0,0,0,0,0.683333,6.833333,20.5,0,0,C,Combined Cycle
221,Vernon Blvd 2,82,0,0,9999,-9999,1,100,1,43,18.5,0,0,0,0,0,0,0.533333,5.333333,16,0,0,J,Combustion Turbine
222,Vernon Blvd 3,82,0,0,9999,-9999,1,100,1,42,15,0,0,0,0,0,0,0.558333,5.583333,16.75,0,0,J,Combustion Turbine
223,Wading River 1,80,0,0,9999,-9999,1,100,1,102,9,0,0,0,0,0,0,1.258333,12.583333,37.75,0,0,K,Combustion Turbine
224,Wading River 2,80,0,0,9999,-9999,1,100,1,94,7.8,0,0,0,0,0,0,1.35,13.5,40.5,0,0,K,Combustion Turbine
225,Wading River 3,80,0,0,9999,-9999,1,100,1,94,4,0,0,0,0,0,0,1.333333,13.333333,40,0,0,K,Combustion Turbine
226,West Babylon 4,79,0,0,9999,-9999,1,100,1,65,3,0,0,0,0,0,0,0.808333,8.083333,24.25,0,0,K,Combustion Turbine
227,Nuclear_B_0,53,581.7,0,9999,-9999,1,100,1,581.7,0,0,0,0,0,0,0,5.817,58.17,174.51,0,0,B,Nuclear
228,Nuclear_C_0,50,811.775,0,9999,-9999,1,100,1,854.5,0,0,0,0,0,0,0,8.545,85.45,256.35,0,0,C,Nuclear
229,Nuclear_C_1,50,629,0,9999,-9999,1,100,1,629,0,0,0,0,0,0,0,6.29,62.9,188.7,0,0,C,Nuclear
230,Nuclear_C_2,50,1299,0,9999,-9999,1,100,1,1299,0,0,0,0,0,0,0,12.99,129.9,389.7,0,0,C,Nuclear
231,Nuclear_H_0,74,1058.799167,0,9999,-9999,1,100,1,1025.9,0,0,0,0,0,0,0,10.259,102.59,307.77,0,0,H,Nuclear
232,Nuclear_H_1,74,1039.9,0,9999,-9999,1,100,1,1039.9,0,0,0,0,0,0,0,10.399,103.99,311.97,0,0,H,Nuclear
233,Hydro_A_0,55,1731.833333,0,9999,-9999,1,100,1,2460,0,0,0,0,0,0,0,221.4,2214,2460,0,0,A,Hydro
234,Hydro_B_0,53,44.525759,0,9999,-9999,1,100,1,63.8,0,0,0,0,0,0,0,5.742,57.42,63.8,0,0,B,Hydro
235,Hydro_C_0,50,49.829768,0,9999,-9999,1,100,1,71.4,0,0,0,0,0,0,0,6.426,64.26,71.4,0,0,C,Hydro
236,Hydro_C_1,68,26.520045,0,9999,-9999,1,100,1,38,0,0,0,0,0,0,0,3.42,34.2,38,0,0,C,Hydro
237,Hydro_D_0,48,930.5,0,9999,-9999,1,100,1,856,0,0,0,0,0,0,0,77.04,770.4,856,0,0,D,Hydro
238,Hydro_D_1,49,41.03628,0,9999,-9999,1,100,1,58.8,0,0,0,0,0,0,0,5.292,52.92,58.8,0,0,D,Hydro
239,Hydro_E_0,45,19.959823,0,9999,-9999,1,100,1,28.6,0,0,0,0,0,0,0,2.574,25.74,28.6,0,0,E,Hydro
240,Hydro_E_1,47,242.658409,0,9999,-9999,1,100,1,347.7,0,0,0,0,0,0,0,31.293,312.93,347.7,0,0,E,Hydro
241,Hydro_F_0,42,188.152738,0,9999,-9999,1,100,1,269.6,0,0,0,0,0,0,0,24.264,242.64,269.6,0,0,F,Hydro
242,Hydro_G_0,77,52.90051,0,9999,-9999,1,100,1,75.8,0,0,0,0,0,0,0,6.822,68.22,75.8,0,0,G,Hydro
243,Import_NE_0,21,1742.254945,215.117,999,-999,1.0486,750,1,2613.382417,0,0,0,0,0,0,0,13.066912,130.669121,392.007363,0,0,NE,Import
244,Import_NE_1,29,1694.007885,208.118,999,-999,1.0593,700,1,2541.011827,0,0,0,0,0,0,0,12.705059,127.050591,381.151774,0,0,NE,Import
245,Import_NE_2,29,741.530508,10.788,999,-999,1.0157,300,1,1112.295762,0,0,0,0,0,0,0,5.561479,55.614788,166.844364,0,0,NE,Import
246,Import_NE_3,29,606.70678,8.827,9999,-9999,1.0157,300,1,910.060169,0,0,0,0,0,0,0,4.550301,45.503008,136.509025,0,0,NE,Import
247,Import_NE_4,29,1876.274556,261.533,999,-999,1.07625,800,1,2814.411833,0,0,0,0,0,0,0,14.072059,140.720592,422.161775,0,0,NE,Import
248,Import_NE_5,29,1501.019645,108.222,999,-999,1.06,650,1,2251.529467,0,0,0,0,0,0,0,11.257647,112.576473,337.72942,0,0,NE,Import
249,Import_NE_6,29,2144.313778,27.488,999,-999,1.0455,900,1,3216.470667,0,0,0,0,0,0,0,16.082353,160.823533,482.4706,0,0,NE,Import
250,Import_NE_7,29,1447.4118,37.044,999,-999,1.0455,600,1,2171.1177,0,0,0,0,0,0,0,10.855589,108.555885,325.667655,0,0,NE,Import
251,Import_NE_8,35,1484.937291,217.901,999,-999,1.0486,650,1,2227.405937,0,0,0,0,0,0,0,11.13703,111.370297,334.110891,0,0,NE,Import
252,Import_IESO_0,103,4475.75739,251.799,999,-999,1,1900,1,6713.636086,0,0,0,0,0,0,0,33.56818,335.681804,1007.045413,0,0,IESO,Import
253,Import_IESO_1,103,2522.69962,1082.086,9999,-9999,1.04,100,1,3784.04943,0,0,0,0,0,0,0,18.920247,189.202472,567.607415,0,0,IESO,Import
254,Import_IESO_2,103,1220.661106,324.468,999,-999,1.04,100,1,1830.99166,0,0,0,0,0,0,0,9.154958,91.549583,274.648749,0,0,IESO,Import
255,Import_IESO_3,103,1627.548142,96.902,999,-999,1.04,100,1,2441.322213,0,0,0,0,0,0,0,12.206611,122.066111,366.198332,0,0,IESO,Import
256,Import_IESO_4,100,1586.859438,33.013,999,-999,1.04,650,1,2380.289158,0,0,0,0,0,0,0,11.901446,119.014458,357.043374,0,0,IESO,Import
257,Import_IESO_5,103,3255.096284,506.878,999,-999,1.05,1350,1,4882.644426,0,0,0,0,0,0,0,24.413222,244.132221,732.396664,0,0,IESO,Import
258,Import_PJM_0,132,1340.802446,269.536,999,-999,1.02,100,1,2011.203669,0,0,0,0,0,0,0,10.056018,100.560183,301.68055,0,0,PJM,Import
259,Import_PJM_1,132,1340.802446,145.624,999,-999,1,100,1,2011.203669,0,0,0,0,0,0,0,10.056018,100.560183,301.68055,0,0,PJM,Import
260,Import_PJM_2,132,1706.47584,57.157,999,-999,1.02,100,1,2559.713761,0,0,0,0,0,0,0,12.798569,127.985688,383.957064,0,0,PJM,Import
261,Import_PJM_3,132,353.484281,157.85,999,-999,1.04,100,1,530.226422,0,0,0,0,0,0,0,2.651132,26.511321,79.533963,0,0,PJM,Import
262,Import_PJM_4,132,377.862508,127.774,999,-999,1.05,100,1,566.793761,0,0,0,0,0,0,0,2.833969,28.339688,85.019064,0,0,PJM,Import
263,Import_PJM_5,132,1596.773822,58.623,999,-999,1.01,100,1,2395.160733,0,0,0,0,0,0,0,11.975804,119.758037,359.27411,0,0,PJM,Import
264,Import_PJM_6,132,1194.533088,-467.86,999,-999,1.02,100,1,1791.799632,0,0,0,0,0,0,0,8.958998,89.589982,268.769945,0,0,PJM,Import
265,Import_PJM_7,132,4144.29847,-141.013,999,-999,1.02,100,1,6216.447704,0,0,0,0,0,0,0,31.082239,310.822385,932.467156,0,0,PJM,Import
266,Import_PJM_8,134,2145.283914,43.093,999,-999,1.03,100,1,3217.925871,0,0,0,0,0,0,0,16.089629,160.896294,482.688881,0,0,PJM,Import
267,Import_PJM_9,132,5680.126726,-100.279,999,-999,1.02,100,1,8520.190089,0,0,0,0,0,0,0,42.60095,426.009504,1278.028513,0,0,PJM,Import
268,Import_PJM_10,134,170.647584,174.6,999,-999,1.04,100,1,255.971376,0,0,0,0,0,0,0,1.279857,12.798569,38.395706,0,0,PJM,Import
269,Import_PJM_11,132,280.349602,18.439,999,-999,1.01,100,1,420.524404,0,0,0,0,0,0,0,2.102622,21.02622,63.078661,0,0,PJM,Import
270,Import_D_0,48,1690,0,9999,-9999,1,100,1,1500,-1100,0,0,0,0,0,0,0,0,0,0,0,D,Import
271,Wind_A_0,57,1.715831,0,9999,-9999,1,100,1,1.715831,0,0,0,0,0,0,0,0,0,0,0,0,A,Wind
272,Wind_A_1,58,3.843461,0,9999,-9999,1,100,1,3.843461,0,0,0,0,0,0,0,0,0,0,0,0,A,Wind
273,Wind_A_2,59,4.926886,0,9999,-9999,1,100,1,4.926886,0,0,0,0,0,0,0,0,0,0,0,0,A,Wind
274,Wind_B_0,62,0.323557,0,9999,-9999,1,100,1,0.323557,0,0,0,0,0,0,0,0,0,0,0,0,B,Wind
275,Wind_B_1,53,0.431409,0,9999,-9999,1,100,1,0.431409,0,0,0,0,0,0,0,0,0,0,0,0,B,Wind
276,Wind_C_0,51,1.470712,0,9999,-9999,1,100,1,1.470712,0,0,0,0,0,0,0,0,0,0,0,0,C,Wind
277,Wind_C_1,63,6.176991,0,9999,-9999,1,100,1,6.176991,0,0,0,0,0,0,0,0,0,0,0,0,C,Wind
278,Wind_C_2,64,9.638067,0,9999,-9999,1,100,1,9.638067,0,0,0,0,0,0,0,0,0,0,0,0,C,Wind
279,Wind_C_3,65,10.393033,0,9999,-9999,1,100,1,10.393033,0,0,0,0,0,0,0,0,0,0,0,0,C,Wind
280,Wind_D_0,48,33.257705,0,9999,-9999,1,100,1,33.257705,0,0,0,0,0,0,0,0,0,0,0,0,D,Wind
281,Wind_E_0,43,2.259994,0,9999,-9999,1,100,1,2.259994,0,0,0,0,0,0,0,0,0,0,0,0,E,Wind
282,Wind_E_1,45,3.627757,0,9999,-9999,1,100,1,3.627757,0,0,0,0,0,0,0,0,0,0,0,0,E,Wind
283,Wind_E_2,47,19.692836,0,9999,-9999,1,100,1,19.692836,0,0,0,0,0,0,0,0,0,0,0,0,E,Wind
284,Wind_K_0,80,18.575095,0,9999,-9999,1,100,1,18.575095,0,0,0,0,0,0,0,0,0,0,0,0,K,Wind
285,Other_A_0,57,23.39292,0,9999,-9999,1,100,1,23.39292,0,0,0,0,0,0,0,0,0,0,0,0,A,Other
286,Other_A_1,59,9.954434,0,9999,-9999,1,100,1,9.954434,0,0,0,0,0,0,0,0,0,0,0,0,A,Other
287,Other_B_0,62,2.98633,0,9999,-9999,1,100,1,2.98633,0,0,0,0,0,0,0,0,0,0,0,0,B,Other
288,Other_C_0,50,2.239748,0,9999,-9999,1,100,1,2.239748,0,0,0,0,0,0,0,0,0,0,0,0,C,Other
289,Other_C_1,51,24.575009,0,9999,-9999,1,100,1,24.575009,0,0,0,0,0,0,0,0,0,0,0,0,C,Other
290,Other_C_2,65,18.415703,0,9999,-9999,1,100,1,18.415703,0,0,0,0,0,0,0,0,0,0,0,0,C,Other
291,Other_C_3,66,2.799685,0,9999,-9999,1,100,1,2.799685,0,0,0,0,0,0,0,0,0,0,0,0,C,Other
292,Other_D_0,48,3.981774,0,9999,-9999,1,100,1,3.981774,0,0,0,0,0,0,0,0,0,0,0,0,D,Other
293,Other_E_0,45,2.98633,0,9999,-9999,1,100,1,2.98633,0,0,0,0,0,0,0,0,0,0,0,0,E,Other
294,Other_E_1,47,38.511216,0,9999,-9999,1,100,1,38.511216,0,0,0,0,0,0,0,0,0,0,0,0,E,Other
295,Other_F_0,40,1.990887,0,9999,-9999,1,100,1,1.990887,0,0,0,0,0,0,0,0,0,0,0,0,F,Other
296,Other_F_1,41,0.435506,0,9999,-9999,1,100,1,0.435506,0,0,0,0,0,0,0,0,0,0,0,0,F,Other
297,Other_F_2,42,8.958991,0,9999,-9999,1,100,1,8.958991,0,0,0,0,0,0,0,0,0,0,0,0,F,Other
298,Other_F_3,37,7.465825,0,9999,-9999,1,100,1,7.465825,0,0,0,0,0,0,0,0,0,0,0,0,F,Other
299,Other_G_0,73,5.7238,0,9999,-9999,1,100,1,5.7238,0,0,0,0,0,0,0,0,0,0,0,0,G,Other
300,Other_H_0,74,37.142482,0,9999,-9999,1,100,1,37.142482,0,0,0,0,0,0,0,0,0,0,0,0,H,Other
301,Other_K_0,79,76.898002,0,9999,-9999,1,100,1,76.898002,0,0,0,0,0,0,0,0,0,0,0,0,K,Other
302,Other_K_1,80,27.374693,0,9999,-9999,1,100,1,27.374693,0,0,0,0,0,0,0,0,0,0,0,0,K,Other
